engine,image,cls,char_edits,ref_chars,word_edits,ref_words,term_found,term_total,hyp_chars,date_found,date_total,number_found,number_total
chandra,handwritten_01,handwritten,22,297,13,57,0,0,495,0,1,0,3
chandra,handwritten_02,handwritten,153,491,70,94,0,0,883,0,0,0,0
chandra,handwritten_03,handwritten,505,581,129,108,2,3,794,0,1,3,10
chandra,printed_arabic_01,printed_arabic,31,1175,21,213,11,11,1238,0,0,0,0
chandra,printed_arabic_02,printed_arabic,188,864,50,146,4,5,982,0,0,0,0
chandra,printed_arabic_03,printed_arabic,64,500,18,90,2,2,526,0,0,4,4
chandra,tabled_data_01,tabled_data,382,1015,73,153,11,11,922,0,5,2,22
chandra,tabled_data_02,tabled_data,7964,419,1671,75,0,4,10808,0,0,0,21
chandra,tabled_data_03,tabled_data,342,873,72,139,8,10,1012,1,8,14,25
qari,handwritten_01,handwritten,35,297,20,57,0,0,300,0,1,3,3
qari,handwritten_02,handwritten,161,491,74,94,0,0,461,0,0,0,0
qari,handwritten_03,handwritten,412,581,111,108,1,3,628,0,1,2,10
qari,printed_arabic_01,printed_arabic,31,1175,20,213,11,11,1274,0,0,0,0
qari,printed_arabic_02,printed_arabic,2583,864,637,146,0,5,3247,0,0,0,0
qari,printed_arabic_03,printed_arabic,2055,500,511,90,0,2,2816,0,0,1,4
qari,tabled_data_01,tabled_data,2271,1015,504,153,2,11,2656,0,5,0,22
qari,tabled_data_02,tabled_data,1175,419,75,75,0,4,1538,0,0,21,21
qari,tabled_data_03,tabled_data,1921,873,389,139,8,10,2598,0,8,15,25
qwen,handwritten_01,handwritten,18,297,6,57,0,0,295,0,1,0,3
qwen,handwritten_02,handwritten,127,491,60,94,0,0,490,0,0,0,0
qwen,handwritten_03,handwritten,430,581,110,108,1,3,650,0,1,2,10
qwen,printed_arabic_01,printed_arabic,27,1175,18,213,11,11,1248,0,0,0,0
qwen,printed_arabic_02,printed_arabic,439,864,111,146,3,5,589,0,0,0,0
qwen,printed_arabic_03,printed_arabic,223,500,59,90,1,2,382,0,0,4,4
qwen,tabled_data_01,tabled_data,659,1015,131,153,7,11,751,0,5,2,22
qwen,tabled_data_02,tabled_data,2231,419,307,75,0,4,2451,0,0,0,21
qwen,tabled_data_03,tabled_data,414,873,99,139,9,10,808,6,8,24,25
tesseract,handwritten_01,handwritten,204,297,56,57,0,0,187,0,1,1,3
tesseract,handwritten_02,handwritten,376,491,94,94,0,0,246,0,0,0,0
tesseract,handwritten_03,handwritten,444,581,108,108,0,3,259,0,1,1,10
tesseract,printed_arabic_01,printed_arabic,199,1175,66,213,9,11,1116,0,0,0,0
tesseract,printed_arabic_02,printed_arabic,336,864,101,146,0,5,722,0,0,0,0
tesseract,printed_arabic_03,printed_arabic,450,500,89,90,0,2,85,0,0,3,4
tesseract,tabled_data_01,tabled_data,862,1015,152,153,0,11,216,0,5,1,22
tesseract,tabled_data_02,tabled_data,384,419,75,75,0,4,47,0,0,2,21
tesseract,tabled_data_03,tabled_data,583,873,210,139,0,10,1006,0,8,1,25
